model_id,maker_name,model_name,model_slug,source_slug,source_model_key,active,priority,notes
1,トヨタ,プリウス,toyota-prius,kurumaerabi_kaitori,"{""root"":""1/155"",""year_variants"":{""2024"":""2y""}}",true,1,車選びドットコム買取のプリウス買取相場ページを使う最初の試作用モデル
2,ホンダ,ジェイド,honda-jade,kurumaerabi_kaitori,"{""root"":""3/22209"",""year_variants"":{}}",true,2,車選びドットコム買取のジェイド買取相場ページ
3,ホンダ,シャトル,honda-shuttle,kurumaerabi_kaitori,"{""root"":""3/22246"",""year_variants"":{}}",true,3,車選びドットコム買取のシャトル買取相場ページ
4,ホンダ,フリード,honda-freed,kurumaerabi_kaitori,"{""root"":""3/21133"",""year_variants"":{}}",true,4,車選びドットコム買取のフリード買取相場ページ
5,ホンダ,N-BOX,honda-n-box,kurumaerabi_kaitori,"{""root"":""3/21850"",""year_variants"":{}}",true,5,車選びドットコム買取のN-BOX買取相場ページ
6,ホンダ,N-WGN,honda-n-wgn,kurumaerabi_kaitori,"{""root"":""3/22080"",""year_variants"":{}}",true,6,車選びドットコム買取のN-WGN買取相場ページ
7,ホンダ,N-ONE,honda-n-one,kurumaerabi_kaitori,"{""root"":""3/21955"",""year_variants"":{}}",true,7,車選びドットコム買取のN-ONE買取相場ページ
8,ホンダ,N-VAN,honda-n-van,kurumaerabi_kaitori,"{""root"":""3/22769"",""year_variants"":{}}",true,8,車選びドットコム買取のN-VAN買取相場ページ
9,ホンダ,フィット,honda-fit,kurumaerabi_kaitori,"{""root"":""3/3620"",""year_variants"":{}}",true,9,車選びドットコム買取のフィット買取相場ページ
10,ホンダ,ヴェゼル,honda-vezel,kurumaerabi_kaitori,"{""root"":""3/22086"",""year_variants"":{}}",true,10,車選びドットコム買取のヴェゼル買取相場ページ
11,ホンダ,WR-V,honda-wr-v,kurumaerabi_kaitori,"{""root"":""3/23428"",""year_variants"":{}}",true,11,車選びドットコム買取のWR-V買取相場ページ
12,ホンダ,ZR-V,honda-zr-v,kurumaerabi_kaitori,"{""root"":""3/23340"",""year_variants"":{}}",true,12,車選びドットコム買取のZR-V買取相場ページ
13,ホンダ,CR-V,honda-cr-v,kurumaerabi_kaitori,"{""root"":""3/3294"",""year_variants"":{}}",true,13,車選びドットコム買取のCR-V買取相場ページ
14,ホンダ,ステップワゴン,honda-step-wgn,kurumaerabi_kaitori,"{""root"":""3/17054"",""year_variants"":{}}",true,14,車選びドットコム買取のステップワゴン買取相場ページ
15,ホンダ,オデッセイ,honda-odyssey,kurumaerabi_kaitori,"{""root"":""3/17047"",""year_variants"":{}}",true,15,車選びドットコム買取のオデッセイ買取相場ページ
16,ホンダ,シビック,honda-civic,kurumaerabi_kaitori,"{""root"":""3/21421"",""year_variants"":{}}",true,16,車選びドットコム買取のシビック買取相場ページ
17,ホンダ,シビックタイプR,honda-civic-type-r,kurumaerabi_kaitori,"{""root"":""3/22395"",""year_variants"":{}}",true,17,車選びドットコム買取のシビックタイプR買取相場ページ
18,ホンダ,アコード,honda-accord,kurumaerabi_kaitori,"{""root"":""3/2367"",""year_variants"":{}}",true,18,車選びドットコム買取のアコード買取相場ページ
19,ホンダ,NSX,honda-nsx,kurumaerabi_kaitori,"{""root"":""3/4191"",""year_variants"":{}}",true,19,車選びドットコム買取のNSX買取相場ページ
20,ホンダ,S660,honda-s660,kurumaerabi_kaitori,"{""root"":""3/22239"",""year_variants"":{}}",true,20,車選びドットコム買取のS660買取相場ページ
21,ホンダ,S2000,honda-s2000,kurumaerabi_kaitori,"{""root"":""3/269"",""year_variants"":{}}",true,21,車選びドットコム買取のS2000買取相場ページ
22,ホンダ,ビート,honda-beat,kurumaerabi_kaitori,"{""root"":""3/1234"",""year_variants"":{}}",true,22,車選びドットコム買取のビート買取相場ページ
23,ホンダ,プレリュード,honda-prelude,kurumaerabi_kaitori,"{""root"":""3/5446"",""year_variants"":{}}",true,23,車選びドットコム買取のプレリュード買取相場ページ
24,ホンダ,インテグラ,honda-integra,kurumaerabi_kaitori,"{""root"":""3/2354"",""year_variants"":{}}",true,24,車選びドットコム買取のインテグラ買取相場ページ
25,ホンダ,CR-X,honda-cr-x,kurumaerabi_kaitori,"{""root"":""3/3740"",""year_variants"":{}}",true,25,車選びドットコム買取のCR-X買取相場ページ
26,ホンダ,インサイト,honda-insight,kurumaerabi_kaitori,"{""root"":""3/10587"",""year_variants"":{}}",true,26,車選びドットコム買取のインサイト買取相場ページ
27,ホンダ,グレイス,honda-grace,kurumaerabi_kaitori,"{""root"":""3/22199"",""year_variants"":{}}",true,27,車選びドットコム買取のグレイス買取相場ページ
28,ホンダ,ストリーム,honda-stream,kurumaerabi_kaitori,"{""root"":""3/2380"",""year_variants"":{}}",true,28,車選びドットコム買取のストリーム買取相場ページ
29,ホンダ,エアウェイブ,honda-airwave,kurumaerabi_kaitori,"{""root"":""3/5738"",""year_variants"":{}}",true,29,車選びドットコム買取のエアウェイブ買取相場ページ
30,トヨタ,クラウン,toyota-crown,kurumaerabi_kaitori,"{""root"":""1/72"",""year_variants"":{}}",true,30,車選びドットコム買取のクラウン買取相場ページ
31,トヨタ,アクア,toyota-aqua,kurumaerabi_kaitori,"{""root"":""1/21855"",""year_variants"":{}}",true,31,車選びドットコム買取のアクア買取相場ページ
32,トヨタ,ヤリス,toyota-yaris,kurumaerabi_kaitori,"{""root"":""1/22970"",""year_variants"":{}}",true,32,車選びドットコム買取のヤリス買取相場ページ
33,トヨタ,ヤリスクロス,toyota-yaris-cross,kurumaerabi_kaitori,"{""root"":""1/23019"",""year_variants"":{}}",true,33,車選びドットコム買取のヤリスクロス買取相場ページ
34,トヨタ,カローラ,toyota-corolla,kurumaerabi_kaitori,"{""root"":""1/17041"",""year_variants"":{}}",true,34,車選びドットコム買取のカローラ買取相場ページ
35,トヨタ,カローラツーリング,toyota-corolla-touring,kurumaerabi_kaitori,"{""root"":""1/22947"",""year_variants"":{}}",true,35,車選びドットコム買取のカローラツーリング買取相場ページ
36,トヨタ,カローラスポーツ,toyota-corolla-sport,kurumaerabi_kaitori,"{""root"":""1/22756"",""year_variants"":{}}",true,36,車選びドットコム買取のカローラスポーツ買取相場ページ
37,トヨタ,カローラクロス,toyota-corolla-cross,kurumaerabi_kaitori,"{""root"":""1/23165"",""year_variants"":{}}",true,37,車選びドットコム買取のカローラクロス買取相場ページ
38,トヨタ,シエンタ,toyota-sienta,kurumaerabi_kaitori,"{""root"":""1/2661"",""year_variants"":{}}",true,38,車選びドットコム買取のシエンタ買取相場ページ
39,トヨタ,ルーミー,toyota-roomy,kurumaerabi_kaitori,"{""root"":""1/22481"",""year_variants"":{}}",true,39,車選びドットコム買取のルーミー買取相場ページ
40,トヨタ,ノア,toyota-noah,kurumaerabi_kaitori,"{""root"":""1/134"",""year_variants"":{}}",true,40,車選びドットコム買取のノア買取相場ページ
41,トヨタ,ヴォクシー,toyota-voxy,kurumaerabi_kaitori,"{""root"":""1/15951"",""year_variants"":{}}",true,41,車選びドットコム買取のヴォクシー買取相場ページ
42,トヨタ,アルファード,toyota-alphard,kurumaerabi_kaitori,"{""root"":""1/3491"",""year_variants"":{}}",true,42,車選びドットコム買取のアルファード買取相場ページ
43,トヨタ,ヴェルファイア,toyota-vellfire,kurumaerabi_kaitori,"{""root"":""1/21130"",""year_variants"":{}}",true,43,車選びドットコム買取のヴェルファイア買取相場ページ
44,トヨタ,ハリアー,toyota-harrier,kurumaerabi_kaitori,"{""root"":""1/18556"",""year_variants"":{}}",true,44,車選びドットコム買取のハリアー買取相場ページ
45,トヨタ,RAV4,toyota-rav4,kurumaerabi_kaitori,"{""root"":""1/2410"",""year_variants"":{}}",true,45,車選びドットコム買取のRAV4買取相場ページ
46,トヨタ,ランドクルーザー300,toyota-land-cruiser-300,kurumaerabi_kaitori,"{""root"":""1/23134"",""year_variants"":{}}",true,46,車選びドットコム買取のランドクルーザー300買取相場ページ
47,トヨタ,ランドクルーザー250,toyota-land-cruiser-250,kurumaerabi_kaitori,"{""root"":""1/23533"",""year_variants"":{}}",true,47,車選びドットコム買取のランドクルーザー250買取相場ページ
48,トヨタ,ランドクルーザー70,toyota-land-cruiser-70,kurumaerabi_kaitori,"{""root"":""1/3662"",""year_variants"":{}}",true,48,車選びドットコム買取のランドクルーザー70買取相場ページ
49,トヨタ,bZ4X,toyota-bz4x,kurumaerabi_kaitori,"{""root"":""1/23263"",""year_variants"":{}}",true,49,車選びドットコム買取のbZ4X買取相場ページ
50,トヨタ,MIRAI,toyota-mirai,kurumaerabi_kaitori,"{""root"":""1/22198"",""year_variants"":{}}",true,50,車選びドットコム買取のMIRAI買取相場ページ
51,トヨタ,GR86,toyota-gr86,kurumaerabi_kaitori,"{""root"":""1/23174"",""year_variants"":{}}",true,51,車選びドットコム買取のGR86買取相場ページ
52,トヨタ,スープラ,toyota-supra,kurumaerabi_kaitori,"{""root"":""1/21417"",""year_variants"":{}}",true,52,車選びドットコム買取のスープラ買取相場ページ
53,トヨタ,GRヤリス,toyota-gr-yaris,kurumaerabi_kaitori,"{""root"":""1/23020"",""year_variants"":{}}",true,53,車選びドットコム買取のGRヤリス買取相場ページ
54,トヨタ,GRカローラ,toyota-gr-corolla,kurumaerabi_kaitori,"{""root"":""1/23342"",""year_variants"":{}}",true,54,車選びドットコム買取のGRカローラ買取相場ページ
55,トヨタ,センチュリー,toyota-century,kurumaerabi_kaitori,"{""root"":""1/3650"",""year_variants"":{}}",true,55,車選びドットコム買取のセンチュリー買取相場ページ
56,トヨタ,クラウンスポーツ,toyota-crown-sport,kurumaerabi_kaitori,"{""root"":""1/23409"",""year_variants"":{}}",true,56,車選びドットコム買取のクラウンスポーツ買取相場ページ
57,トヨタ,クラウンセダン,toyota-crown-sedan,kurumaerabi_kaitori,"{""root"":""1/22328"",""year_variants"":{}}",true,57,車選びドットコム買取のクラウンセダン買取相場ページ
58,トヨタ,クラウンエステート,toyota-crown-estate,kurumaerabi_kaitori,"{""root"":""1/3643"",""year_variants"":{}}",true,58,車選びドットコム買取のクラウンエステート買取相場ページ
59,日産,ノート,nissan-note,kurumaerabi_kaitori,"{""root"":""2/5517"",""year_variants"":{}}",true,59,車選びドットコム買取のノート買取相場ページ
60,日産,ノートオーラ,nissan-note-aura,kurumaerabi_kaitori,"{""root"":""2/23141"",""year_variants"":{}}",true,60,車選びドットコム買取のノートオーラ買取相場ページ
61,日産,セレナ,nissan-serena,kurumaerabi_kaitori,"{""root"":""2/224"",""year_variants"":{}}",true,61,車選びドットコム買取のセレナ買取相場ページ
62,日産,エクストレイル,nissan-x-trail,kurumaerabi_kaitori,"{""root"":""2/17032"",""year_variants"":{}}",true,62,車選びドットコム買取のエクストレイル買取相場ページ
63,日産,キックス,nissan-kicks,kurumaerabi_kaitori,"{""root"":""2/21409"",""year_variants"":{}}",true,63,車選びドットコム買取のキックス買取相場ページ
64,日産,アリア,nissan-ariya,kurumaerabi_kaitori,"{""root"":""2/23030"",""year_variants"":{}}",true,64,車選びドットコム買取のアリア買取相場ページ
65,日産,リーフ,nissan-leaf,kurumaerabi_kaitori,"{""root"":""2/21784"",""year_variants"":{}}",true,65,車選びドットコム買取のリーフ買取相場ページ
66,日産,サクラ,nissan-sakura,kurumaerabi_kaitori,"{""root"":""2/23278"",""year_variants"":{}}",true,66,車選びドットコム買取のサクラ買取相場ページ
67,日産,ルークス,nissan-roox,kurumaerabi_kaitori,"{""root"":""2/21697"",""year_variants"":{}}",true,67,車選びドットコム買取のルークス買取相場ページ
68,日産,デイズ,nissan-dayz,kurumaerabi_kaitori,"{""root"":""2/22025"",""year_variants"":{}}",true,68,車選びドットコム買取のデイズ買取相場ページ
69,日産,エルグランド,nissan-elgrand,kurumaerabi_kaitori,"{""root"":""2/19741"",""year_variants"":{}}",true,69,車選びドットコム買取のエルグランド買取相場ページ
70,日産,フェアレディZ,nissan-fairlady-z,kurumaerabi_kaitori,"{""root"":""2/21410"",""year_variants"":{}}",true,70,車選びドットコム買取のフェアレディZ買取相場ページ
71,日産,スカイライン,nissan-skyline,kurumaerabi_kaitori,"{""root"":""2/208"",""year_variants"":{}}",true,71,車選びドットコム買取のスカイライン買取相場ページ
72,日産,キャラバン,nissan-caravan,kurumaerabi_kaitori,"{""root"":""2/3132"",""year_variants"":{}}",true,72,車選びドットコム買取のキャラバン買取相場ページ
73,日産,NV200バネット,nissan-nv200-vanette,kurumaerabi_kaitori,"{""root"":""2/21773"",""year_variants"":{}}",true,73,車選びドットコム買取のNV200バネット買取相場ページ
74,日産,シルビア,nissan-silvia,kurumaerabi_kaitori,"{""root"":""2/17034"",""year_variants"":{}}",true,74,車選びドットコム買取のシルビア買取相場ページ
75,日産,GT-R,nissan-gt-r,kurumaerabi_kaitori,"{""root"":""2/8785"",""year_variants"":{}}",true,75,車選びドットコム買取のGT-R買取相場ページ
76,日産,マーチ,nissan-march,kurumaerabi_kaitori,"{""root"":""2/21415"",""year_variants"":{}}",true,76,車選びドットコム買取のマーチ買取相場ページ
77,日産,キューブ,nissan-cube,kurumaerabi_kaitori,"{""root"":""2/18283"",""year_variants"":{}}",true,77,車選びドットコム買取のキューブ買取相場ページ
78,日産,ティーダ,nissan-tiida,kurumaerabi_kaitori,"{""root"":""2/5574"",""year_variants"":{}}",true,78,車選びドットコム買取のティーダ買取相場ページ
79,日産,ティアナ,nissan-teana,kurumaerabi_kaitori,"{""root"":""2/2741"",""year_variants"":{}}",true,79,車選びドットコム買取のティアナ買取相場ページ
80,日産,フーガ,nissan-fuga,kurumaerabi_kaitori,"{""root"":""2/6210"",""year_variants"":{}}",true,80,車選びドットコム買取のフーガ買取相場ページ
81,日産,プレサージュ,nissan-presage,kurumaerabi_kaitori,"{""root"":""2/3321"",""year_variants"":{}}",true,81,車選びドットコム買取のプレサージュ買取相場ページ
82,日産,ラフェスタ,nissan-lafesta,kurumaerabi_kaitori,"{""root"":""2/7538"",""year_variants"":{}}",true,82,車選びドットコム買取のラフェスタ買取相場ページ
83,日産,ムラーノ,nissan-murano,kurumaerabi_kaitori,"{""root"":""2/4043"",""year_variants"":{}}",true,83,車選びドットコム買取のムラーノ買取相場ページ
84,日産,ジューク,nissan-juke,kurumaerabi_kaitori,"{""root"":""2/21732"",""year_variants"":{}}",true,84,車選びドットコム買取のジューク買取相場ページ
85,日産,ブルーバード,nissan-bluebird,kurumaerabi_kaitori,"{""root"":""2/2777"",""year_variants"":{}}",true,85,車選びドットコム買取のブルーバード買取相場ページ
86,三菱,アウトランダーPHEV,mitsubishi-outlander-phev,kurumaerabi_kaitori,"{""root"":""6/21978"",""year_variants"":{}}",true,86,車選びドットコム買取のアウトランダーPHEV買取相場ページ（初回生成確認対象）
88,三菱,エクリプス クロス,mitsubishi-eclipse-cross,kurumaerabi_kaitori,"{""root"":""6/22736"",""year_variants"":{}}",true,88,車選びドットコム買取のエクリプス クロス買取相場ページ
89,三菱,デリカD:5,mitsubishi-delica-d5,kurumaerabi_kaitori,"{""root"":""6/20004"",""year_variants"":{}}",true,89,車選びドットコム買取のデリカD:5買取相場ページ（初回生成確認対象）
90,三菱,デリカミニ,mitsubishi-delica-mini,kurumaerabi_kaitori,"{""root"":""6/23379"",""year_variants"":{}}",true,90,車選びドットコム買取のデリカミニ買取相場ページ
91,三菱,eKクロス EV,mitsubishi-ek-cross-ev,kurumaerabi_kaitori,"{""root"":""6/23277"",""year_variants"":{}}",true,91,車選びドットコム買取のeKクロス EV買取相場ページ（初回生成確認対象）
92,三菱,eKクロス,mitsubishi-ek-cross,kurumaerabi_kaitori,"{""root"":""6/22898"",""year_variants"":{}}",true,92,車選びドットコム買取のeKクロス買取相場ページ
93,三菱,eKワゴン,mitsubishi-ek-wagon,kurumaerabi_kaitori,"{""root"":""6/6151"",""year_variants"":{}}",true,93,車選びドットコム買取のeKワゴン買取相場ページ
94,三菱,タウンボックス,mitsubishi-town-box,kurumaerabi_kaitori,"{""root"":""6/5503"",""year_variants"":{}}",true,94,車選びドットコム買取のタウンボックス買取相場ページ
95,三菱,エアトレック,mitsubishi-airtrek,kurumaerabi_kaitori,"{""root"":""6/368"",""year_variants"":{}}",true,95,車選びドットコム買取のエアトレック買取相場ページ
96,三菱,ギャラン,mitsubishi-galant,kurumaerabi_kaitori,"{""root"":""6/373"",""year_variants"":{}}",true,96,車選びドットコム買取のギャラン買取相場ページ
97,三菱,ギャランフォルティス,mitsubishi-galant-fortis,kurumaerabi_kaitori,"{""root"":""6/20183"",""year_variants"":{}}",true,97,車選びドットコム買取のギャランフォルティス買取相場ページ
98,三菱,ギャランフォルティススポーツバック,mitsubishi-galant-fortis-sportback,kurumaerabi_kaitori,"{""root"":""6/22501"",""year_variants"":{}}",true,98,車選びドットコム買取のギャランフォルティススポーツバック買取相場ページ
99,三菱,グランディス,mitsubishi-grandis,kurumaerabi_kaitori,"{""root"":""6/6068"",""year_variants"":{}}",true,99,車選びドットコム買取のグランディス買取相場ページ
100,三菱,トライトン,mitsubishi-triton,kurumaerabi_kaitori,"{""root"":""6/20005"",""year_variants"":{}}",true,100,車選びドットコム買取のトライトン買取相場ページ
101,三菱,パジェロ,mitsubishi-pajero,kurumaerabi_kaitori,"{""root"":""6/1447"",""year_variants"":{}}",true,101,車選びドットコム買取のパジェロ買取相場ページ
102,三菱,パジェロイオ,mitsubishi-pajero-io,kurumaerabi_kaitori,"{""root"":""6/409"",""year_variants"":{}}",true,102,車選びドットコム買取のパジェロイオ買取相場ページ
103,三菱,パジェロミニ,mitsubishi-pajero-mini,kurumaerabi_kaitori,"{""root"":""6/5485"",""year_variants"":{}}",true,103,車選びドットコム買取のパジェロミニ買取相場ページ
104,三菱,パジェロジュニア,mitsubishi-pajero-junior,kurumaerabi_kaitori,"{""root"":""6/3486"",""year_variants"":{}}",true,104,車選びドットコム買取のパジェロジュニア買取相場ページ
105,三菱,プラウディア,mitsubishi-proudia,kurumaerabi_kaitori,"{""root"":""6/19990"",""year_variants"":{}}",true,105,車選びドットコム買取のプラウディア買取相場ページ
106,三菱,ミニキャブトラック,mitsubishi-mini-cab-truck,kurumaerabi_kaitori,"{""root"":""6/5808"",""year_variants"":{}}",true,106,車選びドットコム買取のミニキャブトラック買取相場ページ
107,三菱,ミラージュ,mitsubishi-mirage,kurumaerabi_kaitori,"{""root"":""6/3946"",""year_variants"":{}}",true,107,車選びドットコム買取のミラージュ買取相場ページ
108,三菱,ランサーエボリューション,mitsubishi-lancer-evolution,kurumaerabi_kaitori,"{""root"":""6/1218"",""year_variants"":{}}",true,108,車選びドットコム買取のランサーエボリューション買取相場ページ（初回生成確認対象）
109,三菱,ランサーエボリューションワゴン,mitsubishi-lancer-evolution-wagon,kurumaerabi_kaitori,"{""root"":""6/20341"",""year_variants"":{}}",true,109,車選びドットコム買取のランサーエボリューションワゴン買取相場ページ
110,三菱,ランサーセディアワゴン,mitsubishi-lancer-cedia-wagon,kurumaerabi_kaitori,"{""root"":""6/3934"",""year_variants"":{}}",true,110,車選びドットコム買取のランサーセディアワゴン買取相場ページ
111,三菱,ランサーセディア,mitsubishi-lancer-cedia,kurumaerabi_kaitori,"{""root"":""6/424"",""year_variants"":{}}",true,111,車選びドットコム買取のランサーセディア買取相場ページ
112,三菱,ランサーカーゴ,mitsubishi-lancer-cargo,kurumaerabi_kaitori,"{""root"":""6/19994"",""year_variants"":{}}",true,112,車選びドットコム買取のランサーカーゴ買取相場ページ
113,三菱,ランサーワゴン,mitsubishi-lancer-wagon,kurumaerabi_kaitori,"{""root"":""6/2732"",""year_variants"":{}}",true,113,車選びドットコム買取のランサーワゴン買取相場ページ
114,三菱,レグナム,mitsubishi-legnum,kurumaerabi_kaitori,"{""root"":""6/7734"",""year_variants"":{}}",true,114,車選びドットコム買取のレグナム買取相場ページ
115,三菱,コルト,mitsubishi-colt,kurumaerabi_kaitori,"{""root"":""6/4755"",""year_variants"":{}}",true,115,車選びドットコム買取のコルト買取相場ページ
116,三菱,コルトプラス,mitsubishi-colt-plus,kurumaerabi_kaitori,"{""root"":""6/8176"",""year_variants"":{}}",true,116,車選びドットコム買取のコルトプラス買取相場ページ
117,三菱,ディオン,mitsubishi-dion,kurumaerabi_kaitori,"{""root"":""6/3482"",""year_variants"":{}}",true,117,車選びドットコム買取のディオン買取相場ページ
118,三菱,デリカ スペースギア,mitsubishi-delica-space-gear,kurumaerabi_kaitori,"{""root"":""6/7973"",""year_variants"":{}}",true,118,車選びドットコム買取のデリカ スペースギア買取相場ページ
119,三菱,デリカバン,mitsubishi-delica-van,kurumaerabi_kaitori,"{""root"":""6/15586"",""year_variants"":{}}",true,119,車選びドットコム買取のデリカバン買取相場ページ
120,三菱,ディアマンテ,mitsubishi-diamante,kurumaerabi_kaitori,"{""root"":""6/13573"",""year_variants"":{}}",true,120,車選びドットコム買取のディアマンテ買取相場ページ
121,三菱,ミニカ,mitsubishi-minica,kurumaerabi_kaitori,"{""root"":""6/17178"",""year_variants"":{}}",true,121,車選びドットコム買取のミニカ買取相場ページ
122,スズキ,アルト,suzuki-alto,kurumaerabi_kaitori,"{""root"":""9/10384"",""year_variants"":{}}",true,122,車選びドットコム買取のアルト買取相場ページ（追加済み・生成待ち）
123,スズキ,MRワゴン,suzuki-mr-wagon,kurumaerabi_kaitori,"{""root"":""9/5696"",""year_variants"":{}}",true,123,車選びドットコム買取のMRワゴン買取相場ページ（追加済み・生成待ち）
124,スズキ,SX4,suzuki-sx4,kurumaerabi_kaitori,"{""root"":""9/16511"",""year_variants"":{}}",true,124,車選びドットコム買取のSX4買取相場ページ（追加済み・生成待ち）
125,スズキ,SX4 クロス,suzuki-sx4-s-cross,kurumaerabi_kaitori,"{""root"":""9/22220"",""year_variants"":{}}",true,125,車選びドットコム買取のSX4 Sクロス買取相場ページ（追加済み・生成待ち）
126,スズキ,X-90,suzuki-x-90,kurumaerabi_kaitori,"{""root"":""9/19999"",""year_variants"":{}}",true,126,車選びドットコム買取のX-90買取相場ページ（初回生成確認対象）
127,スズキ,イグニス,suzuki-ignis,kurumaerabi_kaitori,"{""root"":""9/22387"",""year_variants"":{}}",true,127,車選びドットコム買取のイグニス買取相場ページ（追加済み・生成待ち）
128,スズキ,アルトラパンショコラ,suzuki-alto-lapin-chocolat,kurumaerabi_kaitori,"{""root"":""9/22037"",""year_variants"":{}}",true,128,車選びドットコム買取のアルトラパンショコラ買取相場ページ（追加済み・生成待ち）
129,スズキ,アルトエコ,suzuki-alto-eco,kurumaerabi_kaitori,"{""root"":""9/21845"",""year_variants"":{}}",true,129,車選びドットコム買取のアルトエコ買取相場ページ（追加済み・生成待ち）
130,スズキ,アルトワークス,suzuki-alto-works,kurumaerabi_kaitori,"{""root"":""9/14464"",""year_variants"":{}}",true,130,車選びドットコム買取のアルトワークス買取相場ページ（追加済み・生成待ち）
131,スズキ,エブリイ,suzuki-every,kurumaerabi_kaitori,"{""root"":""9/13585"",""year_variants"":{}}",true,131,車選びドットコム買取のエブリイ買取相場ページ（追加済み・生成待ち）
132,スズキ,エリオ,suzuki-erio,kurumaerabi_kaitori,"{""root"":""9/461"",""year_variants"":{}}",true,132,車選びドットコム買取のエリオ買取相場ページ（追加済み・生成待ち）
133,スズキ,エリオセダン,suzuki-erio-sedan,kurumaerabi_kaitori,"{""root"":""9/20000"",""year_variants"":{}}",true,133,車選びドットコム買取のエリオセダン買取相場ページ（追加済み・生成待ち）
134,スズキ,エブリイランディ,suzuki-every-landy,kurumaerabi_kaitori,"{""root"":""9/5832"",""year_variants"":{}}",true,134,車選びドットコム買取のエブリイランディ買取相場ページ（追加済み・生成待ち）
135,スズキ,キザシ,suzuki-kizashi,kurumaerabi_kaitori,"{""root"":""9/21690"",""year_variants"":{}}",true,135,車選びドットコム買取のキザシ買取相場ページ（追加済み・生成待ち）
136,スズキ,スプラッシュ,suzuki-splash,kurumaerabi_kaitori,"{""root"":""9/21393"",""year_variants"":{}}",true,136,車選びドットコム買取のスプラッシュ買取相場ページ（追加済み・生成待ち）
137,スズキ,セルボ,suzuki-cervo,kurumaerabi_kaitori,"{""root"":""9/10422"",""year_variants"":{}}",true,137,車選びドットコム買取のセルボ買取相場ページ（追加済み・生成待ち）
138,スズキ,セルボモード,suzuki-cervo-mode,kurumaerabi_kaitori,"{""root"":""9/21241"",""year_variants"":{}}",true,138,車選びドットコム買取のセルボモード買取相場ページ（追加済み・生成待ち）
139,スズキ,ツイン,suzuki-twin,kurumaerabi_kaitori,"{""root"":""9/7749"",""year_variants"":{}}",true,139,車選びドットコム買取のツイン買取相場ページ（追加済み・生成待ち）
140,スズキ,バレーノ,suzuki-baleno,kurumaerabi_kaitori,"{""root"":""9/22411"",""year_variants"":{}}",true,140,車選びドットコム買取のバレーノ買取相場ページ（追加済み・生成待ち）
141,スズキ,パレット,suzuki-palette,kurumaerabi_kaitori,"{""root"":""9/20346"",""year_variants"":{}}",true,141,車選びドットコム買取のパレット買取相場ページ（追加済み・生成待ち）
142,スズキ,エブリイワゴン,suzuki-every-wagon,kurumaerabi_kaitori,"{""root"":""9/10724"",""year_variants"":{}}",true,142,車選びドットコム買取のエブリイワゴン買取相場ページ（追加済み・生成待ち）
143,スズキ,ジムニー,suzuki-jimny,kurumaerabi_kaitori,"{""root"":""9/7325"",""year_variants"":{}}",true,143,車選びドットコム買取のジムニー買取相場ページ（初回生成確認対象）
144,スズキ,ジムニーワイド,suzuki-jimny-wide,kurumaerabi_kaitori,"{""root"":""9/2808"",""year_variants"":{}}",true,144,車選びドットコム買取のジムニーワイド買取相場ページ（追加済み・生成待ち）
145,スズキ,スペーシア,suzuki-spacia,kurumaerabi_kaitori,"{""root"":""9/22009"",""year_variants"":{}}",true,145,車選びドットコム買取のスペーシア買取相場ページ（追加済み・生成待ち）
146,スズキ,スペーシアカスタム,suzuki-spacia-custom,kurumaerabi_kaitori,"{""root"":""9/22022"",""year_variants"":{}}",true,146,車選びドットコム買取のスペーシアカスタム買取相場ページ（追加済み・生成待ち）
147,スズキ,スペーシアギア,suzuki-spacia-gear,kurumaerabi_kaitori,"{""root"":""9/22946"",""year_variants"":{}}",true,147,車選びドットコム買取のスペーシアギア買取相場ページ（追加済み・生成待ち）
148,スズキ,ハスラー,suzuki-hustler,kurumaerabi_kaitori,"{""root"":""9/22078"",""year_variants"":{}}",true,148,車選びドットコム買取のハスラー買取相場ページ（追加済み・生成待ち）
149,スズキ,アルトラパン,suzuki-alto-lapin,kurumaerabi_kaitori,"{""root"":""9/16828"",""year_variants"":{}}",true,149,車選びドットコム買取のアルトラパン買取相場ページ（追加済み・生成待ち）
150,スズキ,ワゴンRスティングレー,suzuki-wagon-r-stingray,kurumaerabi_kaitori,"{""root"":""9/20085"",""year_variants"":{}}",true,150,車選びドットコム買取のワゴンRスティングレー買取相場ページ（追加済み・生成待ち）
151,スズキ,ワゴンRソリオ,suzuki-wagon-r-solio,kurumaerabi_kaitori,"{""root"":""9/13303"",""year_variants"":{}}",true,151,車選びドットコム買取のワゴンRソリオ買取相場ページ（追加済み・生成待ち）
152,スズキ,ワゴンRスマイル,suzuki-wagon-r-smile,kurumaerabi_kaitori,"{""root"":""9/23158"",""year_variants"":{}}",true,152,車選びドットコム買取のワゴンRスマイル買取相場ページ（追加済み・生成待ち）
153,スズキ,ワゴンR RR,suzuki-wagon-r-rr,kurumaerabi_kaitori,"{""root"":""9/14629"",""year_variants"":{}}",true,153,車選びドットコム買取のワゴンR RR買取相場ページ（追加済み・生成待ち）
154,スズキ,ワゴンRカスタムZ,suzuki-wagon-r-custom-z,kurumaerabi_kaitori,"{""root"":""9/23296"",""year_variants"":{}}",true,154,車選びドットコム買取のワゴンRカスタムZ買取相場ページ（追加済み・生成待ち）
155,スズキ,クロスビー,suzuki-xbee,kurumaerabi_kaitori,"{""root"":""9/22715"",""year_variants"":{}}",true,155,車選びドットコム買取のクロスビー買取相場ページ（追加済み・生成待ち）
156,スズキ,ジムニーシエラ,suzuki-jimny-sierra,kurumaerabi_kaitori,"{""root"":""9/4184"",""year_variants"":{}}",true,156,車選びドットコム買取のジムニーシエラ買取相場ページ（追加済み・生成待ち）
157,スズキ,ジムニーノマド,suzuki-jimny-nomade,kurumaerabi_kaitori,"{""root"":""9/23587"",""year_variants"":{}}",true,157,車選びドットコム買取のジムニーノマド買取相場ページ（追加済み・生成待ち）
158,スズキ,スイフト,suzuki-swift,kurumaerabi_kaitori,"{""root"":""9/15057"",""year_variants"":{}}",true,158,車選びドットコム買取のスイフト買取相場ページ（追加済み・生成待ち）
159,スズキ,ソリオ,suzuki-solio,kurumaerabi_kaitori,"{""root"":""9/21215"",""year_variants"":{}}",true,159,車選びドットコム買取のソリオ買取相場ページ（追加済み・生成待ち）
160,スズキ,ソリオバンディット,suzuki-solio-bandit,kurumaerabi_kaitori,"{""root"":""9/21892"",""year_variants"":{}}",true,160,車選びドットコム買取のソリオバンディット買取相場ページ（追加済み・生成待ち）
161,スズキ,フロンクス,suzuki-fronx,kurumaerabi_kaitori,"{""root"":""9/23572"",""year_variants"":{}}",true,161,車選びドットコム買取のフロンクス買取相場ページ（追加済み・生成待ち）
162,ダイハツ,コペン,daihatsu-copen,kurumaerabi_kaitori,"{""root"":""10/6638"",""year_variants"":{}}",true,162,車選びドットコム買取のコペン買取相場ページ（追加済み・生成待ち）
163,ダイハツ,キャスト,daihatsu-cast,kurumaerabi_kaitori,"{""root"":""10/22325"",""year_variants"":{}}",true,163,車選びドットコム買取のキャスト買取相場ページ（追加済み・生成待ち）
164,ダイハツ,ミライース,daihatsu-mira-es,kurumaerabi_kaitori,"{""root"":""10/21829"",""year_variants"":{}}",true,164,車選びドットコム買取のミライース買取相場ページ（追加済み・生成待ち）
165,ダイハツ,ミラアヴィ,daihatsu-mira-avi,kurumaerabi_kaitori,"{""root"":""10/4320"",""year_variants"":{}}",true,165,車選びドットコム買取のミラアヴィ買取相場ページ（追加済み・生成待ち）
166,ダイハツ,ミラトコット,daihatsu-mira-tocot,kurumaerabi_kaitori,"{""root"":""10/22755"",""year_variants"":{}}",true,166,車選びドットコム買取のミラトコット買取相場ページ（追加済み・生成待ち）
167,ダイハツ,ミラジーノ1000,daihatsu-mira-gino-1000,kurumaerabi_kaitori,"{""root"":""10/19970"",""year_variants"":{}}",true,167,車選びドットコム買取のミラジーノ1000買取相場ページ（追加済み・生成待ち）
168,ダイハツ,ミラ,daihatsu-mira,kurumaerabi_kaitori,"{""root"":""10/8872"",""year_variants"":{}}",true,168,車選びドットコム買取のミラ買取相場ページ（追加済み・生成待ち）
169,ダイハツ,ミラジーノ,daihatsu-mira-gino,kurumaerabi_kaitori,"{""root"":""10/2662"",""year_variants"":{}}",true,169,車選びドットコム買取のミラジーノ買取相場ページ（追加済み・生成待ち）
170,ダイハツ,ミラココア,daihatsu-mira-cocoa,kurumaerabi_kaitori,"{""root"":""10/21670"",""year_variants"":{}}",true,170,車選びドットコム買取のミラココア買取相場ページ（追加済み・生成待ち）
171,ダイハツ,タフト,daihatsu-taft,kurumaerabi_kaitori,"{""root"":""10/22892"",""year_variants"":{}}",true,171,車選びドットコム買取のタフト買取相場ページ（追加済み・生成待ち）
172,ダイハツ,メビウス,daihatsu-mebius,kurumaerabi_kaitori,"{""root"":""10/22014"",""year_variants"":{}}",true,172,車選びドットコム買取のメビウス買取相場ページ（追加済み・生成待ち）
173,ダイハツ,ムーヴ,daihatsu-move,kurumaerabi_kaitori,"{""root"":""10/484"",""year_variants"":{}}",true,173,車選びドットコム買取のムーヴ買取相場ページ（追加済み・生成待ち）
174,ダイハツ,ムーヴカスタム,daihatsu-move-custom,kurumaerabi_kaitori,"{""root"":""10/2962"",""year_variants"":{}}",true,174,車選びドットコム買取のムーヴカスタム買取相場ページ（追加済み・生成待ち）
175,ダイハツ,ムーヴラテ,daihatsu-move-latte,kurumaerabi_kaitori,"{""root"":""10/5577"",""year_variants"":{}}",true,175,車選びドットコム買取のムーヴラテ買取相場ページ（追加済み・生成待ち）
176,ダイハツ,ムーヴキャンバス,daihatsu-move-canbus,kurumaerabi_kaitori,"{""root"":""10/22458"",""year_variants"":{}}",true,176,車選びドットコム買取のムーヴキャンバス買取相場ページ（追加済み・生成待ち）
177,ダイハツ,ムーヴコンテ,daihatsu-move-conte,kurumaerabi_kaitori,"{""root"":""10/21189"",""year_variants"":{}}",true,177,車選びドットコム買取のムーヴコンテ買取相場ページ（追加済み・生成待ち）
178,ダイハツ,MAX,daihatsu-max,kurumaerabi_kaitori,"{""root"":""10/7357"",""year_variants"":{}}",true,178,車選びドットコム買取のMAX買取相場ページ（追加済み・生成待ち）
179,ダイハツ,YRV,daihatsu-yrv,kurumaerabi_kaitori,"{""root"":""10/4526"",""year_variants"":{}}",true,179,車選びドットコム買取のYRV買取相場ページ（追加済み・生成待ち）
180,ダイハツ,ウェイク,daihatsu-wake,kurumaerabi_kaitori,"{""root"":""10/22172"",""year_variants"":{}}",true,180,車選びドットコム買取のウェイク買取相場ページ（追加済み・生成待ち）
181,ダイハツ,クー,daihatsu-coo,kurumaerabi_kaitori,"{""root"":""10/15390"",""year_variants"":{}}",true,181,車選びドットコム買取のクー買取相場ページ（追加済み・生成待ち）
182,ダイハツ,ソニカ,daihatsu-sonica,kurumaerabi_kaitori,"{""root"":""10/14197"",""year_variants"":{}}",true,182,車選びドットコム買取のソニカ買取相場ページ（追加済み・生成待ち）
183,ダイハツ,ストーリア,daihatsu-storia,kurumaerabi_kaitori,"{""root"":""10/5463"",""year_variants"":{}}",true,183,車選びドットコム買取のストーリア買取相場ページ（追加済み・生成待ち）
184,ダイハツ,シャレード,daihatsu-charade,kurumaerabi_kaitori,"{""root"":""10/6507"",""year_variants"":{}}",true,184,車選びドットコム買取のシャレード買取相場ページ（追加済み・生成待ち）
185,ダイハツ,テリオス,daihatsu-terios,kurumaerabi_kaitori,"{""root"":""10/477"",""year_variants"":{}}",true,185,車選びドットコム買取のテリオス買取相場ページ（追加済み・生成待ち）
186,ダイハツ,テリオスキッド,daihatsu-terios-kid,kurumaerabi_kaitori,"{""root"":""10/478"",""year_variants"":{}}",true,186,車選びドットコム買取のテリオスキッド買取相場ページ（追加済み・生成待ち）
187,ダイハツ,ネイキッド,daihatsu-naked,kurumaerabi_kaitori,"{""root"":""10/480"",""year_variants"":{}}",true,187,車選びドットコム買取のネイキッド買取相場ページ（追加済み・生成待ち）
188,ダイハツ,タント,daihatsu-tanto,kurumaerabi_kaitori,"{""root"":""10/2755"",""year_variants"":{}}",true,188,車選びドットコム買取のタント買取相場ページ（初回生成確認対象）
189,ダイハツ,タントカスタム,daihatsu-tanto-custom,kurumaerabi_kaitori,"{""root"":""10/7652"",""year_variants"":{}}",true,189,車選びドットコム買取のタントカスタム買取相場ページ（追加済み・生成待ち）
190,ダイハツ,タントエグゼ,daihatsu-tanto-exe,kurumaerabi_kaitori,"{""root"":""10/21707"",""year_variants"":{}}",true,190,車選びドットコム買取のタントエグゼ買取相場ページ（追加済み・生成待ち）
191,ダイハツ,ロッキー,daihatsu-rocky,kurumaerabi_kaitori,"{""root"":""10/1047"",""year_variants"":{}}",true,191,車選びドットコム買取のロッキー買取相場ページ（追加済み・生成待ち）
192,ダイハツ,トール,daihatsu-thor,kurumaerabi_kaitori,"{""root"":""10/22479"",""year_variants"":{}}",true,192,車選びドットコム買取のトール買取相場ページ（追加済み・生成待ち）
193,ダイハツ,ハイゼットカーゴ,daihatsu-hijet-cargo,kurumaerabi_kaitori,"{""root"":""10/2688"",""year_variants"":{}}",true,193,車選びドットコム買取のハイゼットカーゴ買取相場ページ（初回生成確認対象）
194,ダイハツ,アトレー,daihatsu-atrai,kurumaerabi_kaitori,"{""root"":""10/5702"",""year_variants"":{}}",true,194,車選びドットコム買取のアトレー買取相場ページ（追加済み・生成待ち）
195,ダイハツ,アトレーデッキバン,daihatsu-atrai-deck-van,kurumaerabi_kaitori,"{""root"":""10/9986"",""year_variants"":{}}",true,195,車選びドットコム買取のアトレーデッキバン買取相場ページ（追加済み・生成待ち）
196,ダイハツ,アトレーワゴン,daihatsu-atrai-wagon,kurumaerabi_kaitori,"{""root"":""10/8595"",""year_variants"":{}}",true,196,車選びドットコム買取のアトレーワゴン買取相場ページ（追加済み・生成待ち）
197,ダイハツ,アトレー7,daihatsu-atrai7,kurumaerabi_kaitori,"{""root"":""10/6242"",""year_variants"":{}}",true,197,車選びドットコム買取のアトレー7買取相場ページ（追加済み・生成待ち）
198,ダイハツ,アルティス,daihatsu-altis,kurumaerabi_kaitori,"{""root"":""10/474"",""year_variants"":{}}",true,198,車選びドットコム買取のアルティス買取相場ページ（追加済み・生成待ち）
199,ダイハツ,アルティスハイブリッド,daihatsu-altis-hybrid,kurumaerabi_kaitori,"{""root"":""10/22563"",""year_variants"":{}}",true,199,車選びドットコム買取のアルティスハイブリッド買取相場ページ（追加済み・生成待ち）
200,ダイハツ,オプティ,daihatsu-opti,kurumaerabi_kaitori,"{""root"":""10/8481"",""year_variants"":{}}",true,200,車選びドットコム買取のオプティ買取相場ページ（追加済み・生成待ち）
201,ダイハツ,エッセ,daihatsu-esse,kurumaerabi_kaitori,"{""root"":""10/10436"",""year_variants"":{}}",true,201,車選びドットコム買取のエッセ買取相場ページ（追加済み・生成待ち）
202,ダイハツ,ハイゼットトラック,daihatsu-hijet-truck,kurumaerabi_kaitori,"{""root"":""10/14363"",""year_variants"":{}}",true,202,車選びドットコム買取のハイゼットトラック買取相場ページ（追加済み・生成待ち）
203,ダイハツ,ハイゼットデッキバン,daihatsu-hijet-deck-van,kurumaerabi_kaitori,"{""root"":""10/22488"",""year_variants"":{}}",true,203,車選びドットコム買取のハイゼットデッキバン買取相場ページ（追加済み・生成待ち）
204,ダイハツ,ビーゴ,daihatsu-be-go,kurumaerabi_kaitori,"{""root"":""10/9746"",""year_variants"":{}}",true,204,車選びドットコム買取のビーゴ買取相場ページ（追加済み・生成待ち）
205,ダイハツ,ブーン,daihatsu-boon,kurumaerabi_kaitori,"{""root"":""10/3512"",""year_variants"":{}}",true,205,車選びドットコム買取のブーン買取相場ページ（追加済み・生成待ち）
206,ダイハツ,ブーンルミナス,daihatsu-boon-luminas,kurumaerabi_kaitori,"{""root"":""10/21499"",""year_variants"":{}}",true,206,車選びドットコム買取のブーンルミナス買取相場ページ（追加済み・生成待ち）
207,スバル,アルシオーネ,subaru-alcyone,kurumaerabi_kaitori,"{""root"":""7/20017"",""year_variants"":{}}",true,207,車選びドットコム買取のアルシオーネ買取相場ページ（追加済み・生成待ち）
208,スバル,アルシオーネSVX,subaru-alcyone-svx,kurumaerabi_kaitori,"{""root"":""7/20018"",""year_variants"":{}}",true,208,車選びドットコム買取のアルシオーネSVX買取相場ページ（追加済み・生成待ち）
209,スバル,R1,subaru-r1,kurumaerabi_kaitori,"{""root"":""7/20014"",""year_variants"":{}}",true,209,車選びドットコム買取のR1買取相場ページ（追加済み・生成待ち）
210,スバル,R2,subaru-r2,kurumaerabi_kaitori,"{""root"":""7/20015"",""year_variants"":{}}",true,210,車選びドットコム買取のR2買取相場ページ（追加済み・生成待ち）
211,スバル,レガシィB4,subaru-legacy-b4,kurumaerabi_kaitori,"{""root"":""7/17532"",""year_variants"":{}}",true,211,車選びドットコム買取のレガシィB4買取相場ページ（追加済み・生成待ち）
212,スバル,レガシィツーリングワゴン,subaru-legacy-touring-wagon,kurumaerabi_kaitori,"{""root"":""7/19295"",""year_variants"":{}}",true,212,車選びドットコム買取のレガシィツーリングワゴン買取相場ページ（追加済み・生成待ち）
213,スバル,レガシィアウトバック,subaru-legacy-outback,kurumaerabi_kaitori,"{""root"":""7/21382"",""year_variants"":{}}",true,213,車選びドットコム買取のレガシィアウトバック買取相場ページ（追加済み・生成待ち）
214,スバル,レガシィランカスター,subaru-legacy-lancaster,kurumaerabi_kaitori,"{""root"":""7/8365"",""year_variants"":{}}",true,214,車選びドットコム買取のレガシィランカスター買取相場ページ（追加済み・生成待ち）
215,スバル,レガシィグランドワゴン,subaru-legacy-grand-wagon,kurumaerabi_kaitori,"{""root"":""7/17463"",""year_variants"":{}}",true,215,車選びドットコム買取のレガシィグランドワゴン買取相場ページ（追加済み・生成待ち）
216,スバル,レガシィ,subaru-legacy,kurumaerabi_kaitori,"{""root"":""7/3518"",""year_variants"":{}}",true,216,車選びドットコム買取のレガシィ買取相場ページ（追加済み・生成待ち）
217,スバル,プレオ,subaru-pleo,kurumaerabi_kaitori,"{""root"":""7/6703"",""year_variants"":{}}",true,217,車選びドットコム買取のプレオ買取相場ページ（追加済み・生成待ち）
218,スバル,プレオプラス,subaru-pleo-plus,kurumaerabi_kaitori,"{""root"":""7/21971"",""year_variants"":{}}",true,218,車選びドットコム買取のプレオプラス買取相場ページ（追加済み・生成待ち）
219,スバル,プレオネスタ,subaru-pleo-nesta,kurumaerabi_kaitori,"{""root"":""7/4003"",""year_variants"":{}}",true,219,車選びドットコム買取のプレオネスタ買取相場ページ（追加済み・生成待ち）
220,スバル,トレジア,subaru-trezia,kurumaerabi_kaitori,"{""root"":""7/21783"",""year_variants"":{}}",true,220,車選びドットコム買取のトレジア買取相場ページ（追加済み・生成待ち）
221,スバル,ディアスワゴン,subaru-dias-wagon,kurumaerabi_kaitori,"{""root"":""7/19998"",""year_variants"":{}}",true,221,車選びドットコム買取のディアスワゴン買取相場ページ（追加済み・生成待ち）
222,スバル,デックス,subaru-dex,kurumaerabi_kaitori,"{""root"":""7/21399"",""year_variants"":{}}",true,222,車選びドットコム買取のデックス買取相場ページ（追加済み・生成待ち）
223,スバル,ジャスティ,subaru-justy,kurumaerabi_kaitori,"{""root"":""7/20391"",""year_variants"":{}}",true,223,車選びドットコム買取のジャスティ買取相場ページ（追加済み・生成待ち）
224,スバル,サンバートラック,subaru-sambar-truck,kurumaerabi_kaitori,"{""root"":""7/9961"",""year_variants"":{}}",true,224,車選びドットコム買取のサンバートラック買取相場ページ（追加済み・生成待ち）
225,スバル,サンバーバン,subaru-sambar-van,kurumaerabi_kaitori,"{""root"":""7/14600"",""year_variants"":{}}",true,225,車選びドットコム買取のサンバーバン買取相場ページ（追加済み・生成待ち）
226,スバル,サンバーディアス,subaru-sambar-dias,kurumaerabi_kaitori,"{""root"":""7/16117"",""year_variants"":{}}",true,226,車選びドットコム買取のサンバーディアス買取相場ページ（追加済み・生成待ち）
227,スバル,サンバーディアスワゴン,subaru-sambar-dias-wagon,kurumaerabi_kaitori,"{""root"":""7/23412"",""year_variants"":{}}",true,227,車選びドットコム買取のサンバーディアスワゴン買取相場ページ（追加済み・生成待ち）
228,スバル,ヴィヴィオ,subaru-vivio,kurumaerabi_kaitori,"{""root"":""7/5340"",""year_variants"":{}}",true,228,車選びドットコム買取のヴィヴィオ買取相場ページ（追加済み・生成待ち）
229,スバル,ヴィヴィオビストロ,subaru-vivio-bistro,kurumaerabi_kaitori,"{""root"":""7/3634"",""year_variants"":{}}",true,229,車選びドットコム買取のヴィヴィオビストロ買取相場ページ（追加済み・生成待ち）
230,スバル,ヴィヴィオタルガトップ,subaru-vivio-targa-top,kurumaerabi_kaitori,"{""root"":""7/23414"",""year_variants"":{}}",true,230,車選びドットコム買取のヴィヴィオタルガトップ買取相場ページ（追加済み・生成待ち）
231,スバル,BRZ,subaru-brz,kurumaerabi_kaitori,"{""root"":""7/21860"",""year_variants"":{}}",true,231,車選びドットコム買取のBRZ買取相場ページ（初回生成確認対象）
232,スバル,インプレッサ,subaru-impreza,kurumaerabi_kaitori,"{""root"":""7/20021"",""year_variants"":{}}",true,232,車選びドットコム買取のインプレッサ買取相場ページ（追加済み・生成待ち）
233,スバル,インプレッサG4,subaru-impreza-g4,kurumaerabi_kaitori,"{""root"":""7/21846"",""year_variants"":{}}",true,233,車選びドットコム買取のインプレッサG4買取相場ページ（追加済み・生成待ち）
234,スバル,インプレッサXV,subaru-impreza-xv,kurumaerabi_kaitori,"{""root"":""7/21734"",""year_variants"":{}}",true,234,車選びドットコム買取のインプレッサXV買取相場ページ（追加済み・生成待ち）
235,スバル,インプレッサWRX,subaru-impreza-wrx,kurumaerabi_kaitori,"{""root"":""7/5984"",""year_variants"":{}}",true,235,車選びドットコム買取のインプレッサWRX買取相場ページ（追加済み・生成待ち）
236,スバル,インプレッサスポーツ,subaru-impreza-sport,kurumaerabi_kaitori,"{""root"":""7/19997"",""year_variants"":{}}",true,236,車選びドットコム買取のインプレッサスポーツ買取相場ページ（追加済み・生成待ち）
237,スバル,インプレッサスポーツワゴン,subaru-impreza-sports-wagon,kurumaerabi_kaitori,"{""root"":""7/8988"",""year_variants"":{}}",true,237,車選びドットコム買取のインプレッサスポーツワゴン買取相場ページ（追加済み・生成待ち）
238,スバル,インプレッサハッチバックSTI,subaru-impreza-hatchback-sti,kurumaerabi_kaitori,"{""root"":""7/22522"",""year_variants"":{}}",true,238,車選びドットコム買取のインプレッサハッチバックSTI買取相場ページ（追加済み・生成待ち）
239,スバル,インプレッサハッチバック,subaru-impreza-hatchback,kurumaerabi_kaitori,"{""root"":""7/22520"",""year_variants"":{}}",true,239,車選びドットコム買取のインプレッサハッチバック買取相場ページ（追加済み・生成待ち）
240,スバル,インプレッサアネシス,subaru-impreza-anesis,kurumaerabi_kaitori,"{""root"":""7/21342"",""year_variants"":{}}",true,240,車選びドットコム買取のインプレッサアネシス買取相場ページ（追加済み・生成待ち）
241,スバル,インプレッサクーペ,subaru-impreza-coupe,kurumaerabi_kaitori,"{""root"":""7/22519"",""year_variants"":{}}",true,241,車選びドットコム買取のインプレッサクーペ買取相場ページ（追加済み・生成待ち）
242,スバル,インプレッサスポーツワゴンSTI,subaru-impreza-sports-wagon-sti,kurumaerabi_kaitori,"{""root"":""7/22521"",""year_variants"":{}}",true,242,車選びドットコム買取のインプレッサスポーツワゴンSTI買取相場ページ（追加済み・生成待ち）
243,スバル,エクシーガ,subaru-exiga,kurumaerabi_kaitori,"{""root"":""7/21142"",""year_variants"":{}}",true,243,車選びドットコム買取のエクシーガ買取相場ページ（追加済み・生成待ち）
244,スバル,エクシーガクロスオーバー7,subaru-exiga-crossover-7,kurumaerabi_kaitori,"{""root"":""7/22245"",""year_variants"":{}}",true,244,車選びドットコム買取のエクシーガクロスオーバー7買取相場ページ（追加済み・生成待ち）
245,スバル,XV,subaru-xv,kurumaerabi_kaitori,"{""root"":""7/21973"",""year_variants"":{}}",true,245,車選びドットコム買取のXV買取相場ページ（追加済み・生成待ち）
246,スバル,XVハイブリッド,subaru-xv-hybrid,kurumaerabi_kaitori,"{""root"":""7/22044"",""year_variants"":{}}",true,246,車選びドットコム買取のインプレッサXVハイブリッド買取相場ページ（追加済み・生成待ち）
247,スバル,ソルテラ,subaru-solterra,kurumaerabi_kaitori,"{""root"":""7/23262"",""year_variants"":{}}",true,247,車選びドットコム買取のソルテラ買取相場ページ（追加済み・生成待ち）
248,スバル,フォレスター,subaru-forester,kurumaerabi_kaitori,"{""root"":""7/14684"",""year_variants"":{}}",true,248,車選びドットコム買取のフォレスター買取相場ページ（追加済み・生成待ち）
249,スバル,クロストレック,subaru-crosstrek,kurumaerabi_kaitori,"{""root"":""7/23375"",""year_variants"":{}}",true,249,車選びドットコム買取のクロストレック買取相場ページ（追加済み・生成待ち）
250,スバル,レックス,subaru-rex,kurumaerabi_kaitori,"{""root"":""7/4548"",""year_variants"":{}}",true,250,車選びドットコム買取のレックス買取相場ページ（追加済み・生成待ち）
251,スバル,レヴォーグレイバック,subaru-levorg-layback,kurumaerabi_kaitori,"{""root"":""7/23410"",""year_variants"":{}}",true,251,車選びドットコム買取のレヴォーグレイバック買取相場ページ（追加済み・生成待ち）
252,スバル,レヴォーグ,subaru-levorg,kurumaerabi_kaitori,"{""root"":""7/22112"",""year_variants"":{}}",true,252,車選びドットコム買取のレヴォーグ買取相場ページ（追加済み・生成待ち）
253,スバル,ステラ,subaru-stella,kurumaerabi_kaitori,"{""root"":""7/13983"",""year_variants"":{}}",true,253,車選びドットコム買取のステラ買取相場ページ（追加済み・生成待ち）
254,スバル,シフォン,subaru-chiffon,kurumaerabi_kaitori,"{""root"":""7/22515"",""year_variants"":{}}",true,254,車選びドットコム買取のシフォン買取相場ページ（追加済み・生成待ち）
255,マツダ,MAZDA2,mazda-mazda2,kurumaerabi_kaitori,"{""root"":""4/22930"",""year_variants"":{}}",true,255,車選びドットコム買取のMAZDA2買取相場ページ（追加済み・生成待ち）
256,マツダ,MAZDA3 FASTBACK,mazda-mazda3-fastback,kurumaerabi_kaitori,"{""root"":""4/22909"",""year_variants"":{}}",true,256,車選びドットコム買取のMAZDA3ファストバック買取相場ページ（追加済み・生成待ち）
257,マツダ,MAZDA3 SEDAN,mazda-mazda3-sedan,kurumaerabi_kaitori,"{""root"":""4/22908"",""year_variants"":{}}",true,257,車選びドットコム買取のMAZDA3セダン買取相場ページ（追加済み・生成待ち）
258,マツダ,MAZDA6セダン,mazda-mazda6-sedan,kurumaerabi_kaitori,"{""root"":""4/22926"",""year_variants"":{}}",true,258,車選びドットコム買取のMAZDA6セダン買取相場ページ（追加済み・生成待ち）
259,マツダ,MAZDA6ワゴン,mazda-mazda6-wagon,kurumaerabi_kaitori,"{""root"":""4/22927"",""year_variants"":{}}",true,259,車選びドットコム買取のMAZDA6ワゴン買取相場ページ（追加済み・生成待ち）
260,マツダ,CX-3,mazda-cx-3,kurumaerabi_kaitori,"{""root"":""4/22210"",""year_variants"":{}}",true,260,車選びドットコム買取のCX-3買取相場ページ（追加済み・生成待ち）
261,マツダ,CX-30,mazda-cx-30,kurumaerabi_kaitori,"{""root"":""4/22948"",""year_variants"":{}}",true,261,車選びドットコム買取のCX-30買取相場ページ（追加済み・生成待ち）
262,マツダ,CX-5,mazda-cx-5,kurumaerabi_kaitori,"{""root"":""4/21864"",""year_variants"":{}}",true,262,車選びドットコム買取のCX-5買取相場ページ（初回生成確認対象）
263,マツダ,CX-60,mazda-cx-60,kurumaerabi_kaitori,"{""root"":""4/23293"",""year_variants"":{}}",true,263,車選びドットコム買取のCX-60買取相場ページ（追加済み・生成待ち）
264,マツダ,CX-80,mazda-cx-80,kurumaerabi_kaitori,"{""root"":""4/23571"",""year_variants"":{}}",true,264,車選びドットコム買取のCX-80買取相場ページ（追加済み・生成待ち）
265,マツダ,MX-30,mazda-mx-30,kurumaerabi_kaitori,"{""root"":""4/23029"",""year_variants"":{}}",true,265,車選びドットコム買取のMX-30買取相場ページ（追加済み・生成待ち）
266,マツダ,MX-30ロータリーEV,mazda-mx-30-rotary-ev,kurumaerabi_kaitori,"{""root"":""4/23405"",""year_variants"":{}}",true,266,車選びドットコム買取のMX-30ロータリーEV買取相場ページ（追加済み・生成待ち）
267,マツダ,ロードスター,mazda-roadster,kurumaerabi_kaitori,"{""root"":""4/2351"",""year_variants"":{}}",true,267,車選びドットコム買取のロードスター買取相場ページ（追加済み・生成待ち）
268,マツダ,ロードスターRF,mazda-roadster-rf,kurumaerabi_kaitori,"{""root"":""4/22502"",""year_variants"":{}}",true,268,車選びドットコム買取のロードスターRF買取相場ページ（追加済み・生成待ち）
269,マツダ,フレア,mazda-flare,kurumaerabi_kaitori,"{""root"":""4/21957"",""year_variants"":{}}",true,269,車選びドットコム買取のフレア買取相場ページ（追加済み・生成待ち）
270,マツダ,フレアワゴン,mazda-flare-wagon,kurumaerabi_kaitori,"{""root"":""4/21897"",""year_variants"":{}}",true,270,車選びドットコム買取のフレアワゴン買取相場ページ（追加済み・生成待ち）
271,マツダ,フレアクロスオーバー,mazda-flare-crossover,kurumaerabi_kaitori,"{""root"":""4/22087"",""year_variants"":{}}",true,271,車選びドットコム買取のフレアクロスオーバー買取相場ページ（追加済み・生成待ち）
272,マツダ,キャロル,mazda-carol,kurumaerabi_kaitori,"{""root"":""4/328"",""year_variants"":{}}",true,272,車選びドットコム買取のキャロル買取相場ページ（追加済み・生成待ち）
273,マツダ,スクラムワゴン,mazda-scrum-wagon,kurumaerabi_kaitori,"{""root"":""4/16602"",""year_variants"":{}}",true,273,車選びドットコム買取のスクラムワゴン買取相場ページ（追加済み・生成待ち）
274,マツダ,スクラムバン,mazda-scrum-van,kurumaerabi_kaitori,"{""root"":""4/8911"",""year_variants"":{}}",true,274,車選びドットコム買取のスクラムバン買取相場ページ（追加済み・生成待ち）
275,マツダ,デミオ,mazda-demio,kurumaerabi_kaitori,"{""root"":""4/2364"",""year_variants"":{}}",true,275,車選びドットコム買取のデミオ買取相場ページ（追加済み・生成待ち）
276,マツダ,アクセラスポーツ,mazda-axela-sport,kurumaerabi_kaitori,"{""root"":""4/4360"",""year_variants"":{}}",true,276,車選びドットコム買取のアクセラスポーツ買取相場ページ（追加済み・生成待ち）
277,マツダ,アテンザワゴン,mazda-atenza-wagon,kurumaerabi_kaitori,"{""root"":""4/22179"",""year_variants"":{}}",true,277,車選びドットコム買取のアテンザワゴン買取相場ページ（追加済み・生成待ち）
278,マツダ,アテンザセダン,mazda-atenza-sedan,kurumaerabi_kaitori,"{""root"":""4/3794"",""year_variants"":{}}",true,278,車選びドットコム買取のアテンザセダン買取相場ページ（追加済み・生成待ち）
279,マツダ,ビアンテ,mazda-biante,kurumaerabi_kaitori,"{""root"":""4/21346"",""year_variants"":{}}",true,279,車選びドットコム買取のビアンテ買取相場ページ（追加済み・生成待ち）
280,マツダ,AZ-ワゴン,mazda-az-wagon,kurumaerabi_kaitori,"{""root"":""4/318"",""year_variants"":{}}",true,280,車選びドットコム買取のAZ-ワゴン買取相場ページ（追加済み・生成待ち）
281,マツダ,AZ-オフロード,mazda-az-offroad,kurumaerabi_kaitori,"{""root"":""4/316"",""year_variants"":{}}",true,281,車選びドットコム買取のAZ-オフロード買取相場ページ（追加済み・生成待ち）
282,マツダ,CX-7,mazda-cx-7,kurumaerabi_kaitori,"{""root"":""4/19835"",""year_variants"":{}}",true,282,車選びドットコム買取のCX-7買取相場ページ（追加済み・生成待ち）
283,マツダ,MPV,mazda-mpv,kurumaerabi_kaitori,"{""root"":""4/4179"",""year_variants"":{}}",true,283,車選びドットコム買取のMPV買取相場ページ（追加済み・生成待ち）
284,マツダ,RX-7,mazda-rx-7,kurumaerabi_kaitori,"{""root"":""4/2550"",""year_variants"":{}}",true,284,車選びドットコム買取のRX-7買取相場ページ（追加済み・生成待ち）
285,マツダ,RX-8,mazda-rx-8,kurumaerabi_kaitori,"{""root"":""4/2737"",""year_variants"":{}}",true,285,車選びドットコム買取のRX-8買取相場ページ（追加済み・生成待ち）
286,マツダ,カペラワゴン,mazda-capella-wagon,kurumaerabi_kaitori,"{""root"":""4/3708"",""year_variants"":{}}",true,286,車選びドットコム買取のカペラワゴン買取相場ページ（追加済み・生成待ち）
287,マツダ,カペラ,mazda-capella,kurumaerabi_kaitori,"{""root"":""4/7141"",""year_variants"":{}}",true,287,車選びドットコム買取のカペラ買取相場ページ（追加済み・生成待ち）
288,マツダ,キャロルエコ,mazda-carol-eco,kurumaerabi_kaitori,"{""root"":""4/21956"",""year_variants"":{}}",true,288,車選びドットコム買取のキャロルエコ買取相場ページ（追加済み・生成待ち）
289,マツダ,サバンナRX-7,mazda-savanna-rx-7,kurumaerabi_kaitori,"{""root"":""4/3715"",""year_variants"":{}}",true,289,車選びドットコム買取のサバンナRX-7買取相場ページ（追加済み・生成待ち）
290,マツダ,センティア,mazda-sentia,kurumaerabi_kaitori,"{""root"":""4/6654"",""year_variants"":{}}",true,290,車選びドットコム買取のセンティア買取相場ページ（追加済み・生成待ち）
291,マツダ,スクラムトラック,mazda-scrum-truck,kurumaerabi_kaitori,"{""root"":""4/8141"",""year_variants"":{}}",true,291,車選びドットコム買取のスクラムトラック買取相場ページ（追加済み・生成待ち）
292,マツダ,スピアーノ,mazda-spiano,kurumaerabi_kaitori,"{""root"":""4/2182"",""year_variants"":{}}",true,292,車選びドットコム買取のスピアーノ買取相場ページ（追加済み・生成待ち）
293,マツダ,トリビュート,mazda-tribute,kurumaerabi_kaitori,"{""root"":""4/6512"",""year_variants"":{}}",true,293,車選びドットコム買取のトリビュート買取相場ページ（追加済み・生成待ち）
294,マツダ,ファミリアセダン,mazda-familia-sedan,kurumaerabi_kaitori,"{""root"":""4/22629"",""year_variants"":{}}",true,294,車選びドットコム買取のファミリアセダン買取相場ページ（追加済み・生成待ち）
295,マツダ,ファミリアS-ワゴン,mazda-familia-s-wagon,kurumaerabi_kaitori,"{""root"":""4/5042"",""year_variants"":{}}",true,295,車選びドットコム買取のファミリアS-ワゴン買取相場ページ（追加済み・生成待ち）
296,マツダ,ファミリア,mazda-familia,kurumaerabi_kaitori,"{""root"":""4/4378"",""year_variants"":{}}",true,296,車選びドットコム買取のファミリア買取相場ページ（追加済み・生成待ち）
297,マツダ,ファミリアバン,mazda-familia-van,kurumaerabi_kaitori,"{""root"":""4/3966"",""year_variants"":{}}",true,297,車選びドットコム買取のファミリアバン買取相場ページ（追加済み・生成待ち）
298,マツダ,プレマシー,mazda-premacy,kurumaerabi_kaitori,"{""root"":""4/6813"",""year_variants"":{}}",true,298,車選びドットコム買取のプレマシー買取相場ページ（追加済み・生成待ち）
299,マツダ,ベリーサ,mazda-verisa,kurumaerabi_kaitori,"{""root"":""4/4850"",""year_variants"":{}}",true,299,車選びドットコム買取のベリーサ買取相場ページ（追加済み・生成待ち）
300,マツダ,アテンザスポーツ,mazda-atenza-sport,kurumaerabi_kaitori,"{""root"":""4/8140"",""year_variants"":{}}",true,300,車選びドットコム買取のアテンザスポーツ買取相場ページ（追加済み・生成待ち）
301,マツダ,アテンザスポーツワゴン,mazda-atenza-sport-wagon,kurumaerabi_kaitori,"{""root"":""4/6596"",""year_variants"":{}}",true,301,車選びドットコム買取のアテンザスポーツワゴン買取相場ページ（追加済み・生成待ち）
